|Title|Channel|Description|Views|Time|URL
0|THE INSIDE OUTTAKES - Bo Burnham (4K)|boburnham|filmed from march 2020-may 2021. edited from april 2022-may 2022. album coming soon: https://boburnham.lnk.to/INSIDEdeluxe boburnham.com 0:00 The Beginning 1:04 Bezos III 2:38 The Future...|1.5M views|21 hours ago|https://www.youtube.com/watch?v=5XWEVoI40sE
1|"Pinocchio | Teaser Trailer | Disney+"|Walt Disney Studios|When you wish upon a star‚Ä¶‚≠ê Watch the trailer for the all-new live action #Pinocchio and stream the movie, a #DisneyPlusDay premiere, September 8 on @DisneyPlus. üßöü™Ñ The global celebratio...|713K views|9 hours ago|https://www.youtube.com/watch?v=2vNVGZGlUok
2|Barbie vs. Bratz 2|Kurtis Conner|This video is sponsored by Inkbox. Click here to try the new Inkbox Subscription Experience https://bit.ly/InkboxKurtisSubscription TOUR TICKETS ‚ñ∫ https://bit.ly/KCliveTickets This week:...|887K views|1 day ago|https://www.youtube.com/watch?v=oddigFf937g
3|"Early Release: Celia Munoz Leaves the Judges Speechless With Unbelievable Ventriloquism | AGT 2022"|America's Got Talent|Ventriloquist Celia Munoz wows the judges with an incredibly unique audition! Watch the Season 17 Premiere of America's Got Talent this Tuesday, May 31 on NBC. ¬ª Audition for the next season...|929K views|1 day ago|https://www.youtube.com/watch?v=amMxvPO0JBI
4|"Steph Curry's Warriors vs. Jayson Tatum's Celtics; who wins 2022 Finals? | NBA | UNDISPUTED"|Skip and Shannon: UNDISPUTED|The Boston Celtics got past the Miami Heat in seven games and now advance to face the Golden State Warriors in the Finals. According to FOX Bet Sportsbook, Steph Curry and Golden State are...|796K views|1 day ago|https://www.youtube.com/watch?v=xu4NaKemC_0
5|The Legend of Zelda : Link's Awakening (dunkview)|videogamedunkey|And that's the bottom line because that's what Stone Cold said. donkey store https://dunkeyscastle.com/ donkey twitch https://www.twitch.tv/dunkstream|1.3M views|1 day ago|https://www.youtube.com/watch?v=_DCsrRmQGTQ
6|"We Imported 3 TERRIBLE Sports Cars From Around The World (& Ruined Them IMMEDIATELY) | Car Trek S7E1"|Tavarish|We DARE YOU to find better import cars than we did on AutoTempest!‚ñ∫http://bit.ly/CarTrek701 Thanks to AutoTempest.com for sponsoring this series! ------------------------------------------------...|724K views|1 day ago|https://www.youtube.com/watch?v=DL7TDaOGDAo
7|Game Theory: You Are The Villain of Poppy Playtime|The Game Theorists|Get Your CORE Theory Wear! ‚ñ∫ https://theorywear.com/ Theorists, welcome back to part two of my theory about Poppy Playtime Chapter 2! Today we are going to unravel the tangled web of Mommy...|3.7M views|2 days ago|https://www.youtube.com/watch?v=_tB153oukBA
8|WHY DON'T WE - HOW DO YOU LOVE SOMEBODY|Why Don't We|Why Don't We ‚Äì How Do You Love Somebody https://whydontwe.lnk.to/HowDoYouLoveSomebodyID SHOP NEW MERCH: https://WhyDontWe.lnk.to/store FOLLOW US: https://twitter.com/whydontwemusic...|426K views|18 hours ago|https://www.youtube.com/watch?v=wb1wuNuyujk
9|C0 Yelan is META DEFINING! 3‚òÖ Weapon Showcase! Genshin Impact|IWinToLose Gaming|The much anticipated and belated patch 2.7 has finally arrive in Genshin Impact! And with it, one of my personal NEW favorite characters, Yelan! In this video, we explore how incredible Yelan...|279K views|19 hours ago|https://www.youtube.com/watch?v=7526MZjNs3E
10|NCT DREAM ÏóîÏãúÌã∞ ÎìúÎ¶º 'Beatbox' MV|SMTOWN|"NCT DREAM's 2nd album repackage ""Beatbox"" is out! Listen and download on your favorite platform: https://smarturl.it/NCTDREAM_Beatbox [Tracklist] 01 Beatbox 02 Fire Alarm 03 Î≤ÑÌçºÎßÅ (Glitch..."|32M views|1 day ago|https://www.youtube.com/watch?v=bagFQCTHXy8
11|C0 Yelan is DRIPPING with POWER! 4‚òÖ Weapon & Teams Showcase! (Genshin Impact)|Gacha Gamer|Yelan is DRIPPING with power... but is she better than a certain book nerd? Well, she can tie up her enemies... so... Find out more in this Yelan Showcase F2P 4-star Weapon VIDEO!!! This video...|235K views|19 hours ago|https://www.youtube.com/watch?v=z-GH69M1_cU
12|"Star Wars: The Bad Batch | Season 2 Official Trailer | Disney+"|Star Wars|It is time for the new Era. Watch the trailer for the new season of Star Wars: #TheBadBatch. Coming to @Disney Plus this Fall.|4.2M views|2 days ago|https://www.youtube.com/watch?v=6JX5OW8cOec
13|I FOUND Weird Amazon Items! *CRINGE*|PrestonReacts|I FOUND Weird Amazon Items *CRINGE* with Preston üëä üëï MERCH - http://www.firemerch.com üëÄ FOLLOW ME HERE! ü°Ü TikTok - https://www.tiktok.com/@preston ü°Ü Instagram - https://instagram....|1.1M views|1 day ago|https://www.youtube.com/watch?v=HGd81Eft1eA
14|Etho's Modded Minecraft S2 #6: Explosive Concoctions|EthosLab|Enticed by the idea of being able to blow up anything I want to, today we delve into figuring out how to somewhat automate gunpowder production. Minecraft: v1.16.5 Seed: -8643623643821936147...|200K views|1 day ago|https://www.youtube.com/watch?v=OpCD4WfY-68
15|My first video! (GRWM + Vlog)|Nicolas Sturniolo|Welcome to my personal YouTube channel Follow Me on Instagram : https://www.instagram.com/nicolassturniolo Follow Me on TikTok : https://www.tiktok.com/@nicolassturniolo Subscribe to me and...|123K views|1 day ago|https://www.youtube.com/watch?v=6k21FEsOM2I
16|[Cover] ENHYPEN HEESEUNG - Off My Face (ÏõêÍ≥° : Justin Bieber)|ENHYPEN|#ENHYPEN Í≥µÏãù Ï±ÑÎÑê #ENHYPEN OFFICIAL CHANNEL OFFICIAL WEBSITE https://ENHYPEN.com ENHYPEN Weverse https://www.weverse.io/enhypen OFFICIAL V LIVE https://channels.vlive.tv/9A0CA5 OFFICIAL...|2.1M views|1 day ago|https://www.youtube.com/watch?v=n4PDo8W2FJQ
17|1000 Players Simulate Prison in Minecraft|ish|In this video, I put 1000 Minecraft players in a massive prison. There were 1000 cells, 100 guards, and 1 warden. Each player only had one life. Will the guards maintain order, or will the...|815K views|2 days ago|https://www.youtube.com/watch?v=t0rxOfr77YQ
18|McDonald's POV: 5 Minutes of Lunch Rush|Stephen Patula|Don't forget to Sub for an Extra Nug in your next box! TikTok: stephen.patula Instagram: Stephen Patula|556K views|2 weeks ago|https://www.youtube.com/watch?v=pBuB6BC6ISk
19|I Google Translated Minecraft Mobs 300 Times|Omziscool|I google translated minecraft mobs 300 times In this video, I took it upon myself to google translate minecraft mobs 300 times in Minecraft 1.19 then remade the mob... This Minecraft video...|411K views|1 day ago|https://www.youtube.com/watch?v=En-YWpE-hwY
20|The NBA Playoffs Are Out of Control|JxmyHighroller|Thanks Noom for sponsoring today's video. Visit http://noom.com/jxmy to get your free Noom evaluation and 7-day trial #Noom #Weightloss Follow me on Instagram: https: //www.instagram.com/jxmyhighr...|1.2M views|1 day ago|https://www.youtube.com/watch?v=La1wEk-24Ts
21|One WEIRD TRICK artists don't want you to know - 10MPH|The Grumps|Get YOUR tickets to Game Grumps Live ‚ñ∫ https://www.gamegrumps.com/live He's right. He shouldn't have had chicken nuggies before this one. MERCH ‚ñ∫‚ñ∫ http://gamegrumps.com/merch Support...|243K views|1 day ago|https://www.youtube.com/watch?v=mAAytbmHcuM
22|"La Pire Caissi√®re (cam√©ra cach√©e) | DENYZEE"|DENYZEE|J'ai pi√©g√© les clients d'un supermarch√© en devenant la pire caissi√®re de Youtube! Comment r√©agiront les clients face √† la pire caissi√®re dans cette vid√©o prank? ‚û°Ô∏è Rejoins la...|160K views|1 day ago|https://www.youtube.com/watch?v=pHYqWiVLfeY
23|"Collected Miscellany - ""Yelan: Traceless Stealth"" | Genshin Impact"|Genshin Impact|They say that people with the intention to remain incognito can stay hidden in plain sight. As a secret intelligence officer, Yelan knows this better than anyone else. She is elusive, enigmatic,...|546K views|18 hours ago|https://www.youtube.com/watch?v=W6-BDI7y-lA
24|The Moses Ingram Situation (Reva) - My Response|Star Wars Theory|I think it's acceptable to critique a character. It is however, NOT acceptable to berate and bother an actor. This has been done for decades with Hayden Christensen, Jake Lloyd, Ahmed Best...|308K views|8 hours ago|https://www.youtube.com/watch?v=FUU9EoZMUJA
25|√âPISODE 12 _ L'EXAMEN QUI FAIT TOUT BASCULER üò¢|un mec, une meuf|Like et commente üòä‚ù§Ô∏è Coucou √† tous pour ne rien rater n'h√©sitez pas √† vous abonnez : üëöüëï üëâüèª https://www.youtube.com/channel/UCVV9... Bonjour √† tous. Voil√† nous avons...|1.7M views|1 day ago|https://www.youtube.com/watch?v=t8ETZNbLZr8
26|Kiki with Mayhem Miller! (Trixie Discovers Her Alter Ego)|Trixie Mattel|Click this link for a 1 year supply of immune-supporting Vitamin D & 5 travel packs FREE with your first purchase with Athletic Greens: https://athleticgreens.com/TrixieMattel Subscribe: https://b...|277K views|1 day ago|https://www.youtube.com/watch?v=OtPKVd2KAp4
27|Bingewatching Is Kinda Bad For TV|Sarah Z|On the rise of single-day TV releases, cultural oversaturation, and the Dracula fan project that might help a bit. Let Audible help you discover new ways to laugh, be inspired, or be entertained....|169K views|1 day ago|https://www.youtube.com/watch?v=9RgI1yH2_ys
28|I MOVED TO JAPAN TOO|Daidus|a very honest video Check out Honkai: Star Rail here! : https://hoyo.link/aefc2EA6 Pre-register to get a chance to try out the beta and a PlayStation 5! --- Shojo manga scene: Emirichu https://www...|370K views|1 day ago|https://www.youtube.com/watch?v=U02eaXWZ6MM
29|Bizeneuille : les travaux commencent ! (la maison va devenir l√©gendaire)|Mcfly et Carlito|Pour la 1√®re fois sur YouTube 4 marques s'associent pour un projet solidaire : la reconstruction de la maison de Bizeneuille. Le principe est simple, nous faisons leur pub, puis nous investissons...|3.1M views|2 days ago|https://www.youtube.com/watch?v=eav2AFzuLF8
30|Food Theory: NEVER Eat The Right Twix!|The Food Theorists|Get Your Core TheoryWear NOW! ‚ñ∫ https://theorywear.com/ Do you prefer eating the left or right Twix bar first? Is there even a difference? Well the marketing team at Twix sure wants you...|1.2M views|2 days ago|https://www.youtube.com/watch?v=U5bijOlB-4I
31|"Gazo - MOLLY | A COLORS SHOW"|COLORS|Parisian drill artist Gazo drops by our stage to deliver a powerful performance of his new single ‚ÄòMOLLY‚Äô. Follow ‚ñ∂ Stream: https://colors.lnk.to/allshowscxs ‚ñ∂ Facebook: https://www.facebo...|389K views|1 day ago|https://www.youtube.com/watch?v=2uM9ZIS-v0w
32|How I Stole Max Hearts On This Minecraft SMP...|Quiff|"‚ñ∫How I Stole Max Hearts On This Minecraft SMP... üëç ""LIKE"" FOR MORE Minecraft! ‚úîÔ∏èSubscribe to me pls üëÄ FOLLOW ME :D Twitch https://www.twitch.tv/quiff üì≤ https://twitter.com/InfamousQ..."|198K views|1 day ago|https://www.youtube.com/watch?v=aWzcHGB2pIY
33|POURQUOI les BATEAUX FLOTTENT ? üö¢|Science Trash|"D√©couvrez World of Warships avec le code ""VIVELAFRANCE"" pour profiter davantage exclusif pour les nouveaux joueurs : 200 doublons / 2,500,000 cr√©dits / 7 jours de WoWs PA / III Turenne /..."|279K views|1 day ago|https://www.youtube.com/watch?v=b0iYuEKVSEw
34|Tiakola - Gasolina feat. Rsko (Clip Officiel)|Tiakola|"#Tiakola #M√©lo #Gasolina 1er album ¬´ M√âLO ¬ª maintenant disponible https://tiakola.lnk.to/MeloAlbum Single ""Gasolina"" Feat. Rsko maintenant disponible sur toutes les plateformes https://tiako..."|421K views|1 day ago|https://www.youtube.com/watch?v=4TV3E9zqqTQ
35|Karim Benzema avec les Bleus, Equipe de France I FFF 2022|F√©d√©ration Fran√ßaise de Football|Vainqueur de sa 5e Champions League avec le Real Madrid samedi au Stade de France, Karim Benzema a rejoint l'Equipe de France √† Clairefontaine en d√©but de soir√©e. Images exclusives de son...|504K views|1 day ago|https://www.youtube.com/watch?v=JXUQOfqDadY
36|We Failed|PewDiePie|üßé#Subscribeüßé Stock Up On ‚û°Ô∏èü•§Gfuel (affiliate): https://gfuel.ly/pewdiepie #Code #Pewdiepie üëò Tsuki: https://tsuki.market/ üëî Based: https://www.based.gg üì±Customized...|2.8M views|11 hours ago|https://www.youtube.com/watch?v=aXVr_zZqGKg
37|Top Gun: Maverick - Movie Review|Chris Stuckmann|You can continue to support Shelby Oaks here: http://www.shelbyoaksmovie.com Chris Stuckmann reviews Top Gun: Maverick, starring Tom Cruise, Miles Teller, Jennifer Connelly, Jon Hamm, Glen...|280K views|1 day ago|https://www.youtube.com/watch?v=nHqwrHH22dM
38|"Gervonta ""Tank"" Davis KOs Rolando ""Rolly"" Romero in RD6"|Premier Boxing Champions|"Gervonta Davis said he wanted to deliver punishment to Rolando ""Rolly"" Romero for all the talking he's done in the build up the fight. In RD6 he lands a beautiful left hook that sent Romero..."|3.8M views|2 days ago|https://www.youtube.com/watch?v=ktluMBr4VXM
39|"Marvel Studios' Thor: Love and Thunder | Official Trailer"|Marvel Entertainment|‚ÄúLet me tell you the story of the space viking, Thor Odinson‚Ä¶‚Äù Watch the brand-new trailer for Marvel Studios‚Äô Thor: Love and Thunder and witness it only in theaters July 8. ‚ñ∫ Watch...|34M views|7 days ago|https://www.youtube.com/watch?v=Go8nTmfrQd8
40|Tom Cruise Terrifies James in 'Top Gun' Fighter Jet!|The Late Late Show with James Corden|"""Top Gun: Maverick"" star Tom Cruise picks up James for a once-in-a-lifetime trip to the desert where Tom pilots James in a vintage fighter plane for the afternoon. And just when James thinks..."|13M views|7 days ago|https://www.youtube.com/watch?v=v1iZtBM23bY
41|Harry Styles Makes 'Daylight' Music Video for $300 w/ James Corden|The Late Late Show with James Corden|"James Corden and Harry Styles hit the streets of Brooklyn with $300 to canvas apartments in search of a location to shoot a music video for ""Daylight"" from his new album ""Harry's House"" in..."|4.6M views|4 days ago|https://www.youtube.com/watch?v=aVpzCrIt9Kg
42|"Andor | Teaser Trailer | Disney+"|Star Wars|The ‚ÄúAndor‚Äù series will explore a new perspective from the Star Wars galaxy, focusing on Cassian Andor‚Äôs journey to discover the difference he can make. The series brings forward the...|5.8M views|5 days ago|https://www.youtube.com/watch?v=j5UX1Adanis
43|Star Wars Jedi: Survivor - Official Teaser|EA Star Wars|‚ÄúWhat is your next move, Jedi?‚Äù Experience the next chapter of Cal Kestis‚Äô journey in STAR WARS Jedi: Survivor - coming in 2023. Picking up five years after the events of STAR WARS...|3.7M views|4 days ago|https://www.youtube.com/watch?v=4HLDaBGdnLc
44|THE WEAKEST LINK: BETA SQUAD EDITION|Beta Squad|Download Match Masters for free and participate in the awesome Giveaways: https://matchmaste.rs/hCkF/betasquad The Beta Squad Play The Weakest Link ft @Harry Pinero @Deji @Yung Filly & @Darkest...|2.8M views|3 days ago|https://www.youtube.com/watch?v=I_-3UgF6AEM
45|Bizeneuille : les travaux commencent ! (la maison va devenir l√©gendaire)|Mcfly et Carlito|Pour la 1√®re fois sur YouTube 4 marques s'associent pour un projet solidaire : la reconstruction de la maison de Bizeneuille. Le principe est simple, nous faisons leur pub, puis nous investissons...|3.1M views|2 days ago|https://www.youtube.com/watch?v=eav2AFzuLF8
46|World's Largest Experiment!|MrBeast Gaming|Thanks to Cheez-It and Pringles for sponsoring this video! Learn about the Build For Better contest and how you can get 350 Minecoins at https://www.kfr.com/minecraft We tested the world's...|12M views|9 days ago|https://www.youtube.com/watch?v=JeTkMdw6RK8
47|"Post Malone Has His Brain Hacked By Spicy Wings | Hot Ones"|First We Feast|Post Malone makes his triumphant return for the Season 18 Hot Ones premiere! Posty cemented his place in Hot Ones history when he first sat down with Sean Evans five years ago, so you already...|3.6M views|5 days ago|https://www.youtube.com/watch?v=A2aSmJ-SXCo
48|"Star Wars: The Bad Batch | Season 2 Official Trailer | Disney+"|Star Wars|It is time for the new Era. Watch the trailer for the new season of Star Wars: #TheBadBatch. Coming to @Disney Plus this Fall.|4.2M views|2 days ago|https://www.youtube.com/watch?v=6JX5OW8cOec
49|SEVENTEEN (ÏÑ∏Î∏êÌã¥) 'HOT' Official MV|HYBE LABELS|SEVENTEEN (ÏÑ∏Î∏êÌã¥) 'HOT' Official MV Credits: PRODUCTIONÔΩúRIGEND FILM DIRECTORÔΩúRIMA YOON, DONGJU JANG PDÔΩúHANUL NA, SOOMIN LIM ADÔΩúHYERIN CHOI, JOOAE KIM, YUJI SHIN PAÔΩúXIMIN OH,...|32M views|4 days ago|https://www.youtube.com/watch?v=gRnuFC4Ualw
50|Sleepy Hallow - Die Young (Official Video) ft. 347aidan|Sleepy Hallow|Sleepy Hallow - Die Young // Out Now Listen Here // https://SleepyHallow.lnk.to/DieYoung Follow Sleepy Hallow Instagram: https://www.instagram.com/_sleepyhallow Twitter: https://twitter.com/Slee...|2.2M views|6 days ago|https://www.youtube.com/watch?v=SPlOfpaY_qc
51|"Early Release: Celia Munoz Leaves the Judges Speechless With Unbelievable Ventriloquism | AGT 2022"|America's Got Talent|Ventriloquist Celia Munoz wows the judges with an incredibly unique audition! Watch the Season 17 Premiere of America's Got Talent this Tuesday, May 31 on NBC. ¬ª Audition for the next season...|929K views|1 day ago|https://www.youtube.com/watch?v=amMxvPO0JBI
52|Ranking Your CURSED Tiktoks|jschlattLIVE|"TRY GAMERSUPPS FOR FREE: https://gamersupps.gg/schlatt & use code ""SCHLATT"" for 10% off everything! Schlatt ranks your HILARIOUS tiktoks. Twitch: https://twitch.tv/schlatt Twitter: https://twitte..."|2.1M views|5 days ago|https://www.youtube.com/watch?v=Ssp5KhmDOvs
53|Minecraft NOOB vs PRO: LONGEST STAIRCASE BUILD CHALLENGE|Maizen|Today, we're going head-to-head in a staircase building competition! The goal is to create the toughest, most difficult staircase into the sky! Who's staircase was your favorite? We hope...|4.5M views|3 days ago|https://www.youtube.com/watch?v=eqZ_E9nKdoM
54|Barbie vs. Bratz 2|Kurtis Conner|This video is sponsored by Inkbox. Click here to try the new Inkbox Subscription Experience https://bit.ly/InkboxKurtisSubscription TOUR TICKETS ‚ñ∫ https://bit.ly/KCliveTickets This week:...|887K views|1 day ago|https://www.youtube.com/watch?v=oddigFf937g
55|Steve Kerr Delivers Powerful Message After Mass Shooting At Elementary School|Bleacher Report|Steve Kerr spoke on the mass shooting at Robb Elementary School in Uvalde, Texas Subscribe: https://www.youtube.com/user/BleacherReport?sub_confirmation=1 Follow on IG: http://www.instagram.com/f...|2.7M views|6 days ago|https://www.youtube.com/watch?v=Q5x4eHn_3tA
56|"Willow | Official Teaser Trailer | Disney+"|Lucasfilm|This fall, a new adventure begins. ‚ú® Watch the teaser trailer for #Willow, an Original series streaming November 30, only on #DisneyPlus.|3.8M views|5 days ago|https://www.youtube.com/watch?v=tbbveDpUZv4
57|"THE LAST RIDE - Offical Video | Sidhu Moose Wala | Wazir Patar"|Sidhu Moose Wala|Song : The Last Ride Singer, Lyricist : Sidhu Moose Wala Music: Wazir Patar Mix, Master: Dense Video : Gurjant Panesar Special Thanks : Rubbal GTR Digital Powered by: One Digital Entertainment...|23M views|2 weeks ago|https://www.youtube.com/watch?v=6xoB4ZiKKn0
58|"Gervonta ""Tank"" Davis KOs Rolando ""Rolly"" Romero in RD6"|Premier Boxing Champions|"Gervonta Davis said he wanted to deliver punishment to Rolando ""Rolly"" Romero for all the talking he's done in the build up the fight. In RD6 he lands a beautiful left hook that sent Romero..."|3.8M views|2 days ago|https://www.youtube.com/watch?v=ktluMBr4VXM
59|The Cast of Stranger Things Plays With Puppies|BuzzFeed Celeb|The town of Hawkins is under attack from its greatest threat yet... puppies! Will the Stranger Things cast be able to defend their hometown, or will they succumb to the powers of these unstoppable...|2.6M views|4 days ago|https://www.youtube.com/watch?v=_45zjnjrFOA
60|Turning Ourselves into BLOBS With @Chloe Rose Art|Moriah Elizabeth|Hey guys! Today is another collab with one of my favorite youtubers, chloe rose art! I decided to surprise her with a very interesting art/painting project where we turn ourselves into 2 of...|1.7M views|4 days ago|https://www.youtube.com/watch?v=dg-gwAinwMk
61|As It Was|Harry Styles|Provided to YouTube by Columbia As It Was ¬∑ Harry Styles Harry's House ‚Ñó 2022 Erskine Records Limited, under exclusive license to Columbia Records, a Division of Sony Music Entertainment...|5.1M views|12 days ago|https://www.youtube.com/watch?v=nujn6wbr-e8
62|Film Theory: Encanto, The Madrigal Family SECRET!|The Film Theorists|Get your Theory Wear! ‚ñ∫ https://theorywear.com/ By the end of Encanto, we see Dolores united with her prince charming - or at least that is what it seems like from the outside. Theorists,...|1.7M views|3 days ago|https://www.youtube.com/watch?v=vRR0NzkVUq4
63|"Steph Curry's Warriors vs. Jayson Tatum's Celtics; who wins 2022 Finals? | NBA | UNDISPUTED"|Skip and Shannon: UNDISPUTED|The Boston Celtics got past the Miami Heat in seven games and now advance to face the Golden State Warriors in the Finals. According to FOX Bet Sportsbook, Steph Curry and Golden State are...|796K views|1 day ago|https://www.youtube.com/watch?v=xu4NaKemC_0
64|Humans VS Robots: 100 Challenges|Airrack|Follow me on Instagram! INSTAGRAM ‚ñ∂Ô∏è https://urlgeni.us/instagram/jBHg Thanks to Sky Elements for the drone show: https://skyelementsdrones.com FOLLOW MY FRIENDS: Salim: https://youtube.com/c...|5.5M views|8 days ago|https://www.youtube.com/watch?v=p2nubPAIGcA
65|Rammstein - Dicke Titten (Official Video)|Rammstein Official|"Order the new album: https://rammstein.lnk.to/Zeit Order the ""Dicke Titten"" single: https://rammstein.lnk.to/DickeTitten Rammstein are Christoph Schneider Paul Landers Till Lindemann Richard..."|10M views|6 days ago|https://www.youtube.com/watch?v=thJgU9jkdU4
66|Surviving The Total Wipeout Challenge...|Tom Simons|That's right ladies and gents. No. Just ladies. This following description is only to be read by ladies. This is another classic Tom Simons vlog, where me and [FRIENDS] have a lot of fun....|2.4M views|6 days ago|https://www.youtube.com/watch?v=AYLUsSzH_JA
67|The Legend of Zelda : Link's Awakening (dunkview)|videogamedunkey|And that's the bottom line because that's what Stone Cold said. donkey store https://dunkeyscastle.com/ donkey twitch https://www.twitch.tv/dunkstream|1.3M views|1 day ago|https://www.youtube.com/watch?v=_DCsrRmQGTQ
68|When A Gang Leader Confronted Tyson|BLTV Classic|BLTV Classic recaps the infamous two-fight saga between Tyson and gang leader, Mitch 'Blood' Green|20M views|10 days ago|https://www.youtube.com/watch?v=Cv0N8g68t2w
69|1000 Players Simulate Prison in Minecraft|ish|In this video, I put 1000 Minecraft players in a massive prison. There were 1000 cells, 100 guards, and 1 warden. Each player only had one life. Will the guards maintain order, or will the...|815K views|2 days ago|https://www.youtube.com/watch?v=t0rxOfr77YQ
70|Calvin Harris, Dua Lipa, Young Thug - Potion (Official Video)|Calvin Harris|"Official Video for ""Potion‚Äù by Calvin Harris, Dua Lipa and Young Thug   ‚Äî‚Äî‚Äî‚Äî‚Äî Listen & Download ‚ÄúPotion‚Äù out now: https://calvinharris.lnk.to/potion   Amazon Music: https://calvi..."|6.3M views|4 days ago|https://www.youtube.com/watch?v=FFV6t4Dl_zQ
71|The NBA Playoffs Are Out of Control|JxmyHighroller|Thanks Noom for sponsoring today's video. Visit http://noom.com/jxmy to get your free Noom evaluation and 7-day trial #Noom #Weightloss Follow me on Instagram: https: //www.instagram.com/jxmyhighr...|1.2M views|1 day ago|https://www.youtube.com/watch?v=La1wEk-24Ts
72|Food Theory: NEVER Eat The Right Twix!|The Food Theorists|Get Your Core TheoryWear NOW! ‚ñ∫ https://theorywear.com/ Do you prefer eating the left or right Twix bar first? Is there even a difference? Well the marketing team at Twix sure wants you...|1.2M views|2 days ago|https://www.youtube.com/watch?v=U5bijOlB-4I
73|Minecraft's Best Players Simulate Civilization|Sipover|Minecraft's Best Players have 2 weeks to build the most insane and successful civilization they possibly can, and at the end they fight to see who wins the glory. HELP ME HIT 1.5 MILLION...|8.5M views|11 days ago|https://www.youtube.com/watch?v=wsyr0SwLexI
74|"Mission: Impossible ‚Äì Dead Reckoning Part One | Official Teaser Trailer (2023 Movie) - Tom Cruise"|Paramount Pictures|We all share the same fate. Watch the official teaser trailer for #MissionImpossible ‚Äì Dead Reckoning Part One starring Tom Cruise. Coming to theatres 2023. Connect with #MissionImpossible...|9.9M views|8 days ago|https://www.youtube.com/watch?v=2m1drlOZSDw
75|"Official Trailer | She-Hulk: Attorney at Law | Disney+"|Marvel Entertainment|You‚Äôll like her when she‚Äôs angry. She-Hulk: Attorney at Law, an Original series from Marvel Studios, starts streaming August 17 on Disney+. ‚ñ∫ Watch Marvel on Disney+: https://bit.ly/2XyBSI...|21M views|2 weeks ago|https://www.youtube.com/watch?v=gim2kprjL50
76|I tried to profit at an arcade|Drew Gooden|Sponsored by Current. Get Current, use my code DREWG for a chance to win and learn more: https://www.current.com/DrewG. Banking services provided by Choice Financial Group and Metropolitan...|2.2M views|7 days ago|https://www.youtube.com/watch?v=28k53NsAcVg
77|"We Imported 3 TERRIBLE Sports Cars From Around The World (& Ruined Them IMMEDIATELY) | Car Trek S7E1"|Tavarish|We DARE YOU to find better import cars than we did on AutoTempest!‚ñ∫http://bit.ly/CarTrek701 Thanks to AutoTempest.com for sponsoring this series! ------------------------------------------------...|724K views|1 day ago|https://www.youtube.com/watch?v=DL7TDaOGDAo
